set,id,gz,type,pillars,elements,distance,involvesMonth,involvesDay,source,target,evidence
22基线,#2,庚申 戊子 丙子 壬辰,天干克,year+day,火克金,2,0,1,日柱丙,年柱庚,经典十对（同性相克力重）
22基线,#2,庚申 戊子 丙子 壬辰,天干克,month+hour,土克水,2,1,0,月柱戊,时柱壬,经典十对（同性相克力重）
22基线,#2,庚申 戊子 丙子 壬辰,天干克,day+hour,水克火,1,0,1,时柱壬,日柱丙,经典十对（同性相克力重）
22基线,#2,庚申 戊子 丙子 壬辰,三合局,year+month+hour,申子辰|合水,3,1,0,年柱申,时柱辰,js/bazi.js:2421 SAN_HE（三字俱全）
22基线,#3,戊午 丁巳 丙午 甲午,天干克,year+hour,木克土,3,0,0,时柱甲,年柱戊,经典十对（同性相克力重）
22基线,#3,戊午 丁巳 丙午 甲午,半会,month+year,巳午|会火,1,1,0,月柱巳,年柱午,js/bazi.js:2536 半会=方局相邻两字
22基线,#4,壬子 辛亥 戊子 壬子,天干克,year+day,土克水,2,0,1,日柱戊,年柱壬,经典十对（同性相克力重）
22基线,#4,壬子 辛亥 戊子 壬子,天干克,day+hour,土克水,1,0,1,日柱戊,时柱壬,经典十对（同性相克力重）
22基线,#4,壬子 辛亥 戊子 壬子,半会,month+year,亥子|会水,1,1,0,月柱亥,年柱子,js/bazi.js:2536 半会=方局相邻两字
22基线,#5,己酉 癸酉 庚申 甲申,天干克,year+month,土克水,1,1,0,年柱己,月柱癸,经典十对（同性相克力重）
22基线,#5,己酉 癸酉 庚申 甲申,天干五合,year+hour,土、木|化土,3,0,0,年柱己,时柱甲,js/bazi.js:2382 GAN_HE
22基线,#5,己酉 癸酉 庚申 甲申,天干克,day+hour,金克木,1,0,1,日柱庚,时柱甲,经典十对（同性相克力重）
22基线,#5,己酉 癸酉 庚申 甲申,半会,day+year,申酉|会金,2,0,1,日柱申,年柱酉,js/bazi.js:2536 半会=方局相邻两字
22基线,#6,甲辰 丙寅 戊午 丁巳,天干克,year+day,木克土,2,0,1,年柱甲,日柱戊,经典十对（同性相克力重）
22基线,#6,甲辰 丙寅 戊午 丁巳,六害,month+hour,木、火,2,1,0,月柱寅,时柱巳,js/bazi.js:2409 HAI
22基线,#6,甲辰 丙寅 戊午 丁巳,刑,month+hour,木、火,2,1,0,月柱寅,时柱巳,js/bazi.js:2412 XING
22基线,#6,甲辰 丙寅 戊午 丁巳,半合,day+month,午寅|合火,1,1,1,日柱午,月柱寅,js/bazi.js:2472 半合须含中神午；生墓两支只称拱局不记
22基线,#6,甲辰 丙寅 戊午 丁巳,半会,hour+day,巳午|会火,1,0,1,时柱巳,日柱午,js/bazi.js:2536 半会=方局相邻两字
22基线,#7,癸亥 甲寅 乙卯 丙子,六合,year+month,水、木|化木,1,1,0,年柱亥,月柱寅,js/bazi.js:2416 ZHI_HE（午未合土）
22基线,#7,癸亥 甲寅 乙卯 丙子,刑,day+hour,木、水,1,0,1,日柱卯,时柱子,js/bazi.js:2412 XING
22基线,#7,癸亥 甲寅 乙卯 丙子,半合,day+year,卯亥|合木,2,0,1,日柱卯,年柱亥,js/bazi.js:2472 半合须含中神卯；生墓两支只称拱局不记
22基线,#7,癸亥 甲寅 乙卯 丙子,半会,month+day,寅卯|会木,1,1,1,月柱寅,日柱卯,js/bazi.js:2536 半会=方局相邻两字
22基线,#7,癸亥 甲寅 乙卯 丙子,半会,year+hour,亥子|会水,3,0,0,年柱亥,时柱子,js/bazi.js:2536 半会=方局相邻两字
22基线,#8,庚申 壬午 甲午 丙寅,天干克,year+day,金克木,2,0,1,年柱庚,日柱甲,经典十对（同性相克力重）
22基线,#8,庚申 壬午 甲午 丙寅,天干克,year+hour,火克金,3,0,0,时柱丙,年柱庚,经典十对（同性相克力重）
22基线,#8,庚申 壬午 甲午 丙寅,六冲,year+hour,金、木,3,0,0,年柱申,时柱寅,js/bazi.js:2406 CHONG
22基线,#8,庚申 壬午 甲午 丙寅,刑,year+hour,金、木,3,0,0,年柱申,时柱寅,js/bazi.js:2412 XING
22基线,#8,庚申 壬午 甲午 丙寅,天干克,month+hour,水克火,2,1,0,月柱壬,时柱丙,经典十对（同性相克力重）
22基线,#8,庚申 壬午 甲午 丙寅,半合,month+hour,午寅|合火,2,1,0,月柱午,时柱寅,js/bazi.js:2472 半合须含中神午；生墓两支只称拱局不记
22基线,#9,甲子 丁卯 己未 庚午,刑,year+month,水、木,1,1,0,年柱子,月柱卯,js/bazi.js:2412 XING
22基线,#9,甲子 丁卯 己未 庚午,天干五合,year+day,木、土|化土,2,0,1,年柱甲,日柱己,js/bazi.js:2382 GAN_HE
22基线,#9,甲子 丁卯 己未 庚午,六害,year+day,水、土,2,0,1,年柱子,日柱未,js/bazi.js:2409 HAI
22基线,#9,甲子 丁卯 己未 庚午,天干克,year+hour,金克木,3,0,0,时柱庚,年柱甲,经典十对（同性相克力重）
22基线,#9,甲子 丁卯 己未 庚午,六冲,year+hour,水、火,3,0,0,年柱子,时柱午,js/bazi.js:2406 CHONG
22基线,#9,甲子 丁卯 己未 庚午,六合,day+hour,土、火|化土,1,0,1,日柱未,时柱午,js/bazi.js:2416 ZHI_HE（午未合土）
22基线,#9,甲子 丁卯 己未 庚午,半合,month+day,卯未|合木,1,1,1,月柱卯,日柱未,js/bazi.js:2472 半合须含中神卯；生墓两支只称拱局不记
22基线,#9,甲子 丁卯 己未 庚午,半会,hour+day,午未|会火,1,0,1,时柱午,日柱未,js/bazi.js:2536 半会=方局相邻两字
22基线,#10,辛酉 癸巳 壬子 庚子,半合,year+month,酉巳|合金,1,1,0,年柱酉,月柱巳,js/bazi.js:2472 半合须含中神酉；生墓两支只称拱局不记
22基线,A1,甲辰 丙寅 戊午 庚申,天干克,year+day,木克土,2,0,1,年柱甲,日柱戊,经典十对（同性相克力重）
22基线,A1,甲辰 丙寅 戊午 庚申,天干克,year+hour,金克木,3,0,0,时柱庚,年柱甲,经典十对（同性相克力重）
22基线,A1,甲辰 丙寅 戊午 庚申,天干克,month+hour,火克金,2,1,0,月柱丙,时柱庚,经典十对（同性相克力重）
22基线,A1,甲辰 丙寅 戊午 庚申,六冲,month+hour,木、金,2,1,0,月柱寅,时柱申,js/bazi.js:2406 CHONG
22基线,A1,甲辰 丙寅 戊午 庚申,刑,month+hour,木、金,2,1,0,月柱寅,时柱申,js/bazi.js:2412 XING
22基线,A1,甲辰 丙寅 戊午 庚申,半合,day+month,午寅|合火,1,1,1,日柱午,月柱寅,js/bazi.js:2472 半合须含中神午；生墓两支只称拱局不记
22基线,A2,甲子 丁卯 己未 癸酉,刑,year+month,水、木,1,1,0,年柱子,月柱卯,js/bazi.js:2412 XING
22基线,A2,甲子 丁卯 己未 癸酉,天干五合,year+day,木、土|化土,2,0,1,年柱甲,日柱己,js/bazi.js:2382 GAN_HE
22基线,A2,甲子 丁卯 己未 癸酉,六害,year+day,水、土,2,0,1,年柱子,日柱未,js/bazi.js:2409 HAI
22基线,A2,甲子 丁卯 己未 癸酉,天干克,month+hour,水克火,2,1,0,时柱癸,月柱丁,经典十对（同性相克力重）
22基线,A2,甲子 丁卯 己未 癸酉,六冲,month+hour,木、金,2,1,0,月柱卯,时柱酉,js/bazi.js:2406 CHONG
22基线,A2,甲子 丁卯 己未 癸酉,天干克,day+hour,土克水,1,0,1,日柱己,时柱癸,经典十对（同性相克力重）
22基线,A2,甲子 丁卯 己未 癸酉,半合,month+day,卯未|合木,1,1,1,月柱卯,日柱未,js/bazi.js:2472 半合须含中神卯；生墓两支只称拱局不记
22基线,A3,丙申 庚寅 戊辰 丁巳,天干克,year+month,火克金,1,1,0,年柱丙,月柱庚,经典十对（同性相克力重）
22基线,A3,丙申 庚寅 戊辰 丁巳,六冲,year+month,金、木,1,1,0,年柱申,月柱寅,js/bazi.js:2406 CHONG
22基线,A3,丙申 庚寅 戊辰 丁巳,刑,year+month,金、木,1,1,0,年柱申,月柱寅,js/bazi.js:2412 XING
22基线,A3,丙申 庚寅 戊辰 丁巳,刑,year+hour,金、火,3,0,0,年柱申,时柱巳,js/bazi.js:2412 XING
22基线,A3,丙申 庚寅 戊辰 丁巳,六合,year+hour,金、火|化水,3,0,0,年柱申,时柱巳,js/bazi.js:2416 ZHI_HE（午未合土）
22基线,A3,丙申 庚寅 戊辰 丁巳,六害,month+hour,木、火,2,1,0,月柱寅,时柱巳,js/bazi.js:2409 HAI
22基线,A3,丙申 庚寅 戊辰 丁巳,刑,month+hour,木、火,2,1,0,月柱寅,时柱巳,js/bazi.js:2412 XING
22基线,A4,辛亥 庚寅 己巳 庚午,六合,year+month,水、木|化木,1,1,0,年柱亥,月柱寅,js/bazi.js:2416 ZHI_HE（午未合土）
22基线,A4,辛亥 庚寅 己巳 庚午,六冲,year+day,水、火,2,0,1,年柱亥,日柱巳,js/bazi.js:2406 CHONG
22基线,A4,辛亥 庚寅 己巳 庚午,六害,month+day,木、火,1,1,1,月柱寅,日柱巳,js/bazi.js:2409 HAI
22基线,A4,辛亥 庚寅 己巳 庚午,刑,month+day,木、火,1,1,1,月柱寅,日柱巳,js/bazi.js:2412 XING
22基线,A4,辛亥 庚寅 己巳 庚午,半合,hour+month,午寅|合火,2,1,0,时柱午,月柱寅,js/bazi.js:2472 半合须含中神午；生墓两支只称拱局不记
22基线,A4,辛亥 庚寅 己巳 庚午,半会,day+hour,巳午|会火,1,0,1,日柱巳,时柱午,js/bazi.js:2536 半会=方局相邻两字
22基线,A5,壬辰 癸卯 戊戌 丁巳,六害,year+month,土、木,1,1,0,年柱辰,月柱卯,js/bazi.js:2409 HAI
22基线,A5,壬辰 癸卯 戊戌 丁巳,天干克,year+day,土克水,2,0,1,日柱戊,年柱壬,经典十对（同性相克力重）
22基线,A5,壬辰 癸卯 戊戌 丁巳,六冲,year+day,土、土,2,0,1,年柱辰,日柱戌,js/bazi.js:2406 CHONG
22基线,A5,壬辰 癸卯 戊戌 丁巳,天干五合,year+hour,水、火|化木,3,0,0,年柱壬,时柱丁,js/bazi.js:2382 GAN_HE
22基线,A5,壬辰 癸卯 戊戌 丁巳,天干五合,month+day,水、土|化火,1,1,1,月柱癸,日柱戊,js/bazi.js:2382 GAN_HE
22基线,A5,壬辰 癸卯 戊戌 丁巳,六合,month+day,木、土|化火,1,1,1,月柱卯,日柱戌,js/bazi.js:2416 ZHI_HE（午未合土）
22基线,A5,壬辰 癸卯 戊戌 丁巳,天干克,month+hour,水克火,2,1,0,月柱癸,时柱丁,经典十对（同性相克力重）
22基线,A5,壬辰 癸卯 戊戌 丁巳,半会,month+year,卯辰|会木,1,1,0,月柱卯,年柱辰,js/bazi.js:2536 半会=方局相邻两字
22基线,A6,癸酉 乙卯 己丑 己巳,六冲,year+month,金、木,1,1,0,年柱酉,月柱卯,js/bazi.js:2406 CHONG
22基线,A6,癸酉 乙卯 己丑 己巳,天干克,year+day,土克水,2,0,1,日柱己,年柱癸,经典十对（同性相克力重）
22基线,A6,癸酉 乙卯 己丑 己巳,天干克,year+hour,土克水,3,0,0,时柱己,年柱癸,经典十对（同性相克力重）
22基线,A6,癸酉 乙卯 己丑 己巳,天干克,month+day,木克土,1,1,1,月柱乙,日柱己,经典十对（同性相克力重）
22基线,A6,癸酉 乙卯 己丑 己巳,天干克,month+hour,木克土,2,1,0,月柱乙,时柱己,经典十对（同性相克力重）
22基线,A6,癸酉 乙卯 己丑 己巳,三合局,hour+year+day,巳酉丑|合金,3,0,1,时柱巳,日柱丑,js/bazi.js:2421 SAN_HE（三字俱全）
22基线,B1,庚申 壬午 甲午 丙寅,天干克,year+day,金克木,2,0,1,年柱庚,日柱甲,经典十对（同性相克力重）
22基线,B1,庚申 壬午 甲午 丙寅,天干克,year+hour,火克金,3,0,0,时柱丙,年柱庚,经典十对（同性相克力重）
22基线,B1,庚申 壬午 甲午 丙寅,六冲,year+hour,金、木,3,0,0,年柱申,时柱寅,js/bazi.js:2406 CHONG
22基线,B1,庚申 壬午 甲午 丙寅,刑,year+hour,金、木,3,0,0,年柱申,时柱寅,js/bazi.js:2412 XING
22基线,B1,庚申 壬午 甲午 丙寅,天干克,month+hour,水克火,2,1,0,月柱壬,时柱丙,经典十对（同性相克力重）
22基线,B1,庚申 壬午 甲午 丙寅,半合,month+hour,午寅|合火,2,1,0,月柱午,时柱寅,js/bazi.js:2472 半合须含中神午；生墓两支只称拱局不记
22基线,B2,壬申 丁未 甲辰 乙丑,天干五合,year+month,水、火|化木,1,1,0,年柱壬,月柱丁,js/bazi.js:2382 GAN_HE
22基线,B2,壬申 丁未 甲辰 乙丑,六冲,month+hour,土、土,2,1,0,月柱未,时柱丑,js/bazi.js:2406 CHONG
22基线,B2,壬申 丁未 甲辰 乙丑,刑,month+hour,土、土,2,1,0,月柱未,时柱丑,js/bazi.js:2412 XING
22基线,B3,辛酉 丁酉 甲寅 乙丑,天干克,year+month,火克金,1,1,0,月柱丁,年柱辛,经典十对（同性相克力重）
22基线,B3,辛酉 丁酉 甲寅 乙丑,天干克,year+hour,金克木,3,0,0,年柱辛,时柱乙,经典十对（同性相克力重）
22基线,B3,辛酉 丁酉 甲寅 乙丑,半合,year+hour,酉丑|合金,3,0,0,年柱酉,时柱丑,js/bazi.js:2472 半合须含中神酉；生墓两支只称拱局不记
22基线,B4,戊辰 戊午 乙亥 戊寅,六合,day+hour,水、木|化木,1,0,1,日柱亥,时柱寅,js/bazi.js:2416 ZHI_HE（午未合土）
22基线,B4,戊辰 戊午 乙亥 戊寅,半合,month+hour,午寅|合火,2,1,0,月柱午,时柱寅,js/bazi.js:2472 半合须含中神午；生墓两支只称拱局不记
22基线,B5,庚子 甲申 乙卯 丙子,天干克,year+month,金克木,1,1,0,年柱庚,月柱甲,经典十对（同性相克力重）
22基线,B5,庚子 甲申 乙卯 丙子,天干五合,year+day,金、木|化金,2,0,1,年柱庚,日柱乙,js/bazi.js:2382 GAN_HE
22基线,B5,庚子 甲申 乙卯 丙子,刑,year+day,水、木,2,0,1,年柱子,日柱卯,js/bazi.js:2412 XING
22基线,B5,庚子 甲申 乙卯 丙子,天干克,year+hour,火克金,3,0,0,时柱丙,年柱庚,经典十对（同性相克力重）
22基线,B5,庚子 甲申 乙卯 丙子,刑,day+hour,木、水,1,0,1,日柱卯,时柱子,js/bazi.js:2412 XING
22基线,B5,庚子 甲申 乙卯 丙子,半合,year+month,子申|合水,1,1,0,年柱子,月柱申,js/bazi.js:2472 半合须含中神子；生墓两支只称拱局不记
22基线,B6,丙申 己亥 丁卯 壬寅,六害,year+month,金、水,1,1,0,年柱申,月柱亥,js/bazi.js:2409 HAI
22基线,B6,丙申 己亥 丁卯 壬寅,天干克,year+hour,水克火,3,0,0,时柱壬,年柱丙,经典十对（同性相克力重）
22基线,B6,丙申 己亥 丁卯 壬寅,六冲,year+hour,金、木,3,0,0,年柱申,时柱寅,js/bazi.js:2406 CHONG
22基线,B6,丙申 己亥 丁卯 壬寅,刑,year+hour,金、木,3,0,0,年柱申,时柱寅,js/bazi.js:2412 XING
22基线,B6,丙申 己亥 丁卯 壬寅,六合,month+hour,水、木|化木,2,1,0,月柱亥,时柱寅,js/bazi.js:2416 ZHI_HE（午未合土）
22基线,B6,丙申 己亥 丁卯 壬寅,天干五合,day+hour,火、水|化木,1,0,1,日柱丁,时柱壬,js/bazi.js:2382 GAN_HE
22基线,B6,丙申 己亥 丁卯 壬寅,半合,day+month,卯亥|合木,1,1,1,日柱卯,月柱亥,js/bazi.js:2472 半合须含中神卯；生墓两支只称拱局不记
22基线,B6,丙申 己亥 丁卯 壬寅,半会,hour+day,寅卯|会木,1,0,1,时柱寅,日柱卯,js/bazi.js:2536 半会=方局相邻两字
六盘锚点,P15-03,乙丑 戊寅 己巳 庚午,天干克,year+day,木克土,2,0,1,年柱乙,日柱己,经典十对（同性相克力重）
六盘锚点,P15-03,乙丑 戊寅 己巳 庚午,天干五合,year+hour,木、金|化金,3,0,0,年柱乙,时柱庚,js/bazi.js:2382 GAN_HE
六盘锚点,P15-03,乙丑 戊寅 己巳 庚午,六害,year+hour,土、火,3,0,0,年柱丑,时柱午,js/bazi.js:2409 HAI
六盘锚点,P15-03,乙丑 戊寅 己巳 庚午,六害,month+day,木、火,1,1,1,月柱寅,日柱巳,js/bazi.js:2409 HAI
六盘锚点,P15-03,乙丑 戊寅 己巳 庚午,刑,month+day,木、火,1,1,1,月柱寅,日柱巳,js/bazi.js:2412 XING
六盘锚点,P15-03,乙丑 戊寅 己巳 庚午,半合,hour+month,午寅|合火,2,1,0,时柱午,月柱寅,js/bazi.js:2472 半合须含中神午；生墓两支只称拱局不记
六盘锚点,P15-03,乙丑 戊寅 己巳 庚午,半会,day+hour,巳午|会火,1,0,1,日柱巳,时柱午,js/bazi.js:2536 半会=方局相邻两字
六盘锚点,P15-09,丁丑 癸卯 庚申 丙戌,天干克,year+month,水克火,1,1,0,月柱癸,年柱丁,经典十对（同性相克力重）
六盘锚点,P15-09,丁丑 癸卯 庚申 丙戌,刑,year+hour,土、土,3,0,0,年柱丑,时柱戌,js/bazi.js:2412 XING
六盘锚点,P15-09,丁丑 癸卯 庚申 丙戌,六合,month+hour,木、土|化火,2,1,0,月柱卯,时柱戌,js/bazi.js:2416 ZHI_HE（午未合土）
六盘锚点,P15-09,丁丑 癸卯 庚申 丙戌,天干克,day+hour,火克金,1,0,1,时柱丙,日柱庚,经典十对（同性相克力重）
六盘锚点,P15-12,戊子 甲寅 庚申 丁亥,天干克,year+month,木克土,1,1,0,月柱甲,年柱戊,经典十对（同性相克力重）
六盘锚点,P15-12,戊子 甲寅 庚申 丁亥,天干克,month+day,金克木,1,1,1,日柱庚,月柱甲,经典十对（同性相克力重）
六盘锚点,P15-12,戊子 甲寅 庚申 丁亥,六冲,month+day,木、金,1,1,1,月柱寅,日柱申,js/bazi.js:2406 CHONG
六盘锚点,P15-12,戊子 甲寅 庚申 丁亥,刑,month+day,木、金,1,1,1,月柱寅,日柱申,js/bazi.js:2412 XING
六盘锚点,P15-12,戊子 甲寅 庚申 丁亥,六合,month+hour,木、水|化木,2,1,0,月柱寅,时柱亥,js/bazi.js:2416 ZHI_HE（午未合土）
六盘锚点,P15-12,戊子 甲寅 庚申 丁亥,六害,day+hour,金、水,1,0,1,日柱申,时柱亥,js/bazi.js:2409 HAI
六盘锚点,P15-12,戊子 甲寅 庚申 丁亥,半合,year+day,子申|合水,2,0,1,年柱子,日柱申,js/bazi.js:2472 半合须含中神子；生墓两支只称拱局不记
六盘锚点,P15-12,戊子 甲寅 庚申 丁亥,半会,hour+year,亥子|会水,3,0,0,时柱亥,年柱子,js/bazi.js:2536 半会=方局相邻两字
六盘锚点,P15-14,丙寅 庚寅 戊辰 癸亥,天干克,year+month,火克金,1,1,0,年柱丙,月柱庚,经典十对（同性相克力重）
六盘锚点,P15-14,丙寅 庚寅 戊辰 癸亥,六合,year+hour,木、水|化木,3,0,0,年柱寅,时柱亥,js/bazi.js:2416 ZHI_HE（午未合土）
六盘锚点,P15-14,丙寅 庚寅 戊辰 癸亥,六合,month+hour,木、水|化木,2,1,0,月柱寅,时柱亥,js/bazi.js:2416 ZHI_HE（午未合土）
六盘锚点,P15-14,丙寅 庚寅 戊辰 癸亥,天干五合,day+hour,土、水|化火,1,0,1,日柱戊,时柱癸,js/bazi.js:2382 GAN_HE
六盘锚点,P15-15,癸未 戊午 乙卯 丙戌,天干五合,year+month,水、土|化火,1,1,0,年柱癸,月柱戊,js/bazi.js:2382 GAN_HE
六盘锚点,P15-15,癸未 戊午 乙卯 丙戌,六合,year+month,土、火|化土,1,1,0,年柱未,月柱午,js/bazi.js:2416 ZHI_HE（午未合土）
六盘锚点,P15-15,癸未 戊午 乙卯 丙戌,刑,year+hour,土、土,3,0,0,年柱未,时柱戌,js/bazi.js:2412 XING
六盘锚点,P15-15,癸未 戊午 乙卯 丙戌,六合,day+hour,木、土|化火,1,0,1,日柱卯,时柱戌,js/bazi.js:2416 ZHI_HE（午未合土）
六盘锚点,P15-15,癸未 戊午 乙卯 丙戌,半合,month+hour,午戌|合火,2,1,0,月柱午,时柱戌,js/bazi.js:2472 半合须含中神午；生墓两支只称拱局不记
六盘锚点,P15-15,癸未 戊午 乙卯 丙戌,半合,day+year,卯未|合木,2,0,1,日柱卯,年柱未,js/bazi.js:2472 半合须含中神卯；生墓两支只称拱局不记
六盘锚点,P15-15,癸未 戊午 乙卯 丙戌,半会,month+year,午未|会火,1,1,0,月柱午,年柱未,js/bazi.js:2536 半会=方局相邻两字
六盘锚点,P15-16,丁卯 壬寅 壬午 庚子,天干五合,year+month,火、水|化木,1,1,0,年柱丁,月柱壬,js/bazi.js:2382 GAN_HE
六盘锚点,P15-16,丁卯 壬寅 壬午 庚子,天干五合,year+day,火、水|化木,2,0,1,年柱丁,日柱壬,js/bazi.js:2382 GAN_HE
六盘锚点,P15-16,丁卯 壬寅 壬午 庚子,刑,year+hour,木、水,3,0,0,年柱卯,时柱子,js/bazi.js:2412 XING
六盘锚点,P15-16,丁卯 壬寅 壬午 庚子,六冲,day+hour,火、水,1,0,1,日柱午,时柱子,js/bazi.js:2406 CHONG
六盘锚点,P15-16,丁卯 壬寅 壬午 庚子,半合,day+month,午寅|合火,1,1,1,日柱午,月柱寅,js/bazi.js:2472 半合须含中神午；生墓两支只称拱局不记
六盘锚点,P15-16,丁卯 壬寅 壬午 庚子,半会,month+year,寅卯|会木,1,1,0,月柱寅,年柱卯,js/bazi.js:2536 半会=方局相邻两字
18专项,H01,癸未 戊午 乙卯 丙戌,天干五合,year+month,水、土|化火,1,1,0,年柱癸,月柱戊,js/bazi.js:2382 GAN_HE
18专项,H01,癸未 戊午 乙卯 丙戌,六合,year+month,土、火|化土,1,1,0,年柱未,月柱午,js/bazi.js:2416 ZHI_HE（午未合土）
18专项,H01,癸未 戊午 乙卯 丙戌,刑,year+hour,土、土,3,0,0,年柱未,时柱戌,js/bazi.js:2412 XING
18专项,H01,癸未 戊午 乙卯 丙戌,六合,day+hour,木、土|化火,1,0,1,日柱卯,时柱戌,js/bazi.js:2416 ZHI_HE（午未合土）
18专项,H01,癸未 戊午 乙卯 丙戌,半合,month+hour,午戌|合火,2,1,0,月柱午,时柱戌,js/bazi.js:2472 半合须含中神午；生墓两支只称拱局不记
18专项,H01,癸未 戊午 乙卯 丙戌,半合,day+year,卯未|合木,2,0,1,日柱卯,年柱未,js/bazi.js:2472 半合须含中神卯；生墓两支只称拱局不记
18专项,H01,癸未 戊午 乙卯 丙戌,半会,month+year,午未|会火,1,1,0,月柱午,年柱未,js/bazi.js:2536 半会=方局相邻两字
18专项,H02,戊辰 甲寅 丁亥 庚子,天干克,year+month,木克土,1,1,0,月柱甲,年柱戊,经典十对（同性相克力重）
18专项,H02,戊辰 甲寅 丁亥 庚子,六合,month+day,木、水|化木,1,1,1,月柱寅,日柱亥,js/bazi.js:2416 ZHI_HE（午未合土）
18专项,H02,戊辰 甲寅 丁亥 庚子,天干克,month+hour,金克木,2,1,0,时柱庚,月柱甲,经典十对（同性相克力重）
18专项,H02,戊辰 甲寅 丁亥 庚子,半合,hour+year,子辰|合水,3,0,0,时柱子,年柱辰,js/bazi.js:2472 半合须含中神子；生墓两支只称拱局不记
18专项,H02,戊辰 甲寅 丁亥 庚子,半会,day+hour,亥子|会水,1,0,1,日柱亥,时柱子,js/bazi.js:2536 半会=方局相邻两字
18专项,H03,甲寅 戊辰 壬子 辛丑,天干克,year+month,木克土,1,1,0,年柱甲,月柱戊,经典十对（同性相克力重）
18专项,H03,甲寅 戊辰 壬子 辛丑,天干克,month+day,土克水,1,1,1,月柱戊,日柱壬,经典十对（同性相克力重）
18专项,H03,甲寅 戊辰 壬子 辛丑,六合,day+hour,水、土|化土,1,0,1,日柱子,时柱丑,js/bazi.js:2416 ZHI_HE（午未合土）
18专项,H03,甲寅 戊辰 壬子 辛丑,半合,day+month,子辰|合水,1,1,1,日柱子,月柱辰,js/bazi.js:2472 半合须含中神子；生墓两支只称拱局不记
18专项,H03,甲寅 戊辰 壬子 辛丑,半会,day+hour,子丑|会水,1,0,1,日柱子,时柱丑,js/bazi.js:2536 半会=方局相邻两字
18专项,H04,甲申 庚午 辛卯 戊戌,天干克,year+month,金克木,1,1,0,月柱庚,年柱甲,经典十对（同性相克力重）
18专项,H04,甲申 庚午 辛卯 戊戌,天干克,year+hour,木克土,3,0,0,年柱甲,时柱戊,经典十对（同性相克力重）
18专项,H04,甲申 庚午 辛卯 戊戌,六合,day+hour,木、土|化火,1,0,1,日柱卯,时柱戌,js/bazi.js:2416 ZHI_HE（午未合土）
18专项,H04,甲申 庚午 辛卯 戊戌,半合,month+hour,午戌|合火,2,1,0,月柱午,时柱戌,js/bazi.js:2472 半合须含中神午；生墓两支只称拱局不记
18专项,H05,庚子 乙酉 甲辰 甲子,天干五合,year+month,金、木|化金,1,1,0,年柱庚,月柱乙,js/bazi.js:2382 GAN_HE
18专项,H05,庚子 乙酉 甲辰 甲子,天干克,year+day,金克木,2,0,1,年柱庚,日柱甲,经典十对（同性相克力重）
18专项,H05,庚子 乙酉 甲辰 甲子,天干克,year+hour,金克木,3,0,0,年柱庚,时柱甲,经典十对（同性相克力重）
18专项,H05,庚子 乙酉 甲辰 甲子,六合,month+day,金、土|化金,1,1,1,月柱酉,日柱辰,js/bazi.js:2416 ZHI_HE（午未合土）
18专项,H05,庚子 乙酉 甲辰 甲子,半合,year+day,子辰|合水,2,0,1,年柱子,日柱辰,js/bazi.js:2472 半合须含中神子；生墓两支只称拱局不记
18专项,H06,乙巳 壬午 丁未 戊申,刑,year+hour,火、金,3,0,0,年柱巳,时柱申,js/bazi.js:2412 XING
18专项,H06,乙巳 壬午 丁未 戊申,六合,year+hour,火、金|化水,3,0,0,年柱巳,时柱申,js/bazi.js:2416 ZHI_HE（午未合土）
18专项,H06,乙巳 壬午 丁未 戊申,天干五合,month+day,水、火|化木,1,1,1,月柱壬,日柱丁,js/bazi.js:2382 GAN_HE
18专项,H06,乙巳 壬午 丁未 戊申,六合,month+day,火、土|化土,1,1,1,月柱午,日柱未,js/bazi.js:2416 ZHI_HE（午未合土）
18专项,H06,乙巳 壬午 丁未 戊申,天干克,month+hour,土克水,2,1,0,时柱戊,月柱壬,经典十对（同性相克力重）
18专项,H06,乙巳 壬午 丁未 戊申,三会方,year+month+day,巳午未|会火,2,1,1,年柱巳,日柱未,js/bazi.js:2518 HUI_JU（三字俱全）
18专项,H07,己丑 丙寅 丁亥 甲辰,天干五合,year+hour,土、木|化土,3,0,0,年柱己,时柱甲,js/bazi.js:2382 GAN_HE
18专项,H07,己丑 丙寅 丁亥 甲辰,六合,month+day,木、水|化木,1,1,1,月柱寅,日柱亥,js/bazi.js:2416 ZHI_HE（午未合土）
18专项,H08,丁酉 丙午 丁卯 庚戌,六冲,year+day,金、木,2,0,1,年柱酉,日柱卯,js/bazi.js:2406 CHONG
18专项,H08,丁酉 丙午 丁卯 庚戌,六害,year+hour,金、土,3,0,0,年柱酉,时柱戌,js/bazi.js:2409 HAI
18专项,H08,丁酉 丙午 丁卯 庚戌,天干克,month+hour,火克金,2,1,0,月柱丙,时柱庚,经典十对（同性相克力重）
18专项,H08,丁酉 丙午 丁卯 庚戌,六合,day+hour,木、土|化火,1,0,1,日柱卯,时柱戌,js/bazi.js:2416 ZHI_HE（午未合土）
18专项,H08,丁酉 丙午 丁卯 庚戌,半合,month+hour,午戌|合火,2,1,0,月柱午,时柱戌,js/bazi.js:2472 半合须含中神午；生墓两支只称拱局不记
18专项,H08,丁酉 丙午 丁卯 庚戌,半会,year+hour,酉戌|会金,3,0,0,年柱酉,时柱戌,js/bazi.js:2536 半会=方局相邻两字
18专项,H09,甲寅 壬申 壬辰 己酉,六冲,year+month,木、金,1,1,0,年柱寅,月柱申,js/bazi.js:2406 CHONG
18专项,H09,甲寅 壬申 壬辰 己酉,刑,year+month,木、金,1,1,0,年柱寅,月柱申,js/bazi.js:2412 XING
18专项,H09,甲寅 壬申 壬辰 己酉,天干五合,year+hour,木、土|化土,3,0,0,年柱甲,时柱己,js/bazi.js:2382 GAN_HE
18专项,H09,甲寅 壬申 壬辰 己酉,六合,day+hour,土、金|化金,1,0,1,日柱辰,时柱酉,js/bazi.js:2416 ZHI_HE（午未合土）
18专项,H09,甲寅 壬申 壬辰 己酉,半会,month+hour,申酉|会金,2,1,0,月柱申,时柱酉,js/bazi.js:2536 半会=方局相邻两字
18专项,H10,癸未 丁巳 丙戌 辛卯,天干克,year+month,水克火,1,1,0,年柱癸,月柱丁,经典十对（同性相克力重）
18专项,H10,癸未 丁巳 丙戌 辛卯,刑,year+day,土、土,2,0,1,年柱未,日柱戌,js/bazi.js:2412 XING
18专项,H10,癸未 丁巳 丙戌 辛卯,天干克,month+hour,火克金,2,1,0,月柱丁,时柱辛,经典十对（同性相克力重）
18专项,H10,癸未 丁巳 丙戌 辛卯,天干五合,day+hour,火、金|化水,1,0,1,日柱丙,时柱辛,js/bazi.js:2382 GAN_HE
18专项,H10,癸未 丁巳 丙戌 辛卯,六合,day+hour,土、木|化火,1,0,1,日柱戌,时柱卯,js/bazi.js:2416 ZHI_HE（午未合土）
18专项,H10,癸未 丁巳 丙戌 辛卯,半合,hour+year,卯未|合木,3,0,0,时柱卯,年柱未,js/bazi.js:2472 半合须含中神卯；生墓两支只称拱局不记
18专项,H11,壬辰 癸卯 戊戌 丁巳,六害,year+month,土、木,1,1,0,年柱辰,月柱卯,js/bazi.js:2409 HAI
18专项,H11,壬辰 癸卯 戊戌 丁巳,天干克,year+day,土克水,2,0,1,日柱戊,年柱壬,经典十对（同性相克力重）
18专项,H11,壬辰 癸卯 戊戌 丁巳,六冲,year+day,土、土,2,0,1,年柱辰,日柱戌,js/bazi.js:2406 CHONG
18专项,H11,壬辰 癸卯 戊戌 丁巳,天干五合,year+hour,水、火|化木,3,0,0,年柱壬,时柱丁,js/bazi.js:2382 GAN_HE
18专项,H11,壬辰 癸卯 戊戌 丁巳,天干五合,month+day,水、土|化火,1,1,1,月柱癸,日柱戊,js/bazi.js:2382 GAN_HE
18专项,H11,壬辰 癸卯 戊戌 丁巳,六合,month+day,木、土|化火,1,1,1,月柱卯,日柱戌,js/bazi.js:2416 ZHI_HE（午未合土）
18专项,H11,壬辰 癸卯 戊戌 丁巳,天干克,month+hour,水克火,2,1,0,月柱癸,时柱丁,经典十对（同性相克力重）
18专项,H11,壬辰 癸卯 戊戌 丁巳,半会,month+year,卯辰|会木,1,1,0,月柱卯,年柱辰,js/bazi.js:2536 半会=方局相邻两字
18专项,H12,甲申 丁丑 壬辰 己酉,天干五合,year+hour,木、土|化土,3,0,0,年柱甲,时柱己,js/bazi.js:2382 GAN_HE
18专项,H12,甲申 丁丑 壬辰 己酉,天干五合,month+day,火、水|化木,1,1,1,月柱丁,日柱壬,js/bazi.js:2382 GAN_HE
18专项,H12,甲申 丁丑 壬辰 己酉,六合,day+hour,土、金|化金,1,0,1,日柱辰,时柱酉,js/bazi.js:2416 ZHI_HE（午未合土）
18专项,H12,甲申 丁丑 壬辰 己酉,半合,hour+month,酉丑|合金,2,1,0,时柱酉,月柱丑,js/bazi.js:2472 半合须含中神酉；生墓两支只称拱局不记
18专项,H12,甲申 丁丑 壬辰 己酉,半会,year+hour,申酉|会金,3,0,0,年柱申,时柱酉,js/bazi.js:2536 半会=方局相邻两字
18专项,H13,壬寅 丙午 丙戌 辛卯,天干克,year+month,水克火,1,1,0,年柱壬,月柱丙,经典十对（同性相克力重）
18专项,H13,壬寅 丙午 丙戌 辛卯,天干克,year+day,水克火,2,0,1,年柱壬,日柱丙,经典十对（同性相克力重）
18专项,H13,壬寅 丙午 丙戌 辛卯,天干五合,month+hour,火、金|化水,2,1,0,月柱丙,时柱辛,js/bazi.js:2382 GAN_HE
18专项,H13,壬寅 丙午 丙戌 辛卯,天干五合,day+hour,火、金|化水,1,0,1,日柱丙,时柱辛,js/bazi.js:2382 GAN_HE
18专项,H13,壬寅 丙午 丙戌 辛卯,六合,day+hour,土、木|化火,1,0,1,日柱戌,时柱卯,js/bazi.js:2416 ZHI_HE（午未合土）
18专项,H13,壬寅 丙午 丙戌 辛卯,三合局,year+month+day,寅午戌|合火,2,1,1,年柱寅,日柱戌,js/bazi.js:2421 SAN_HE（三字俱全）
18专项,H13,壬寅 丙午 丙戌 辛卯,半会,year+hour,寅卯|会木,3,0,0,年柱寅,时柱卯,js/bazi.js:2536 半会=方局相邻两字
18专项,H14,乙丑 己丑 壬子 辛丑,天干克,year+month,木克土,1,1,0,年柱乙,月柱己,经典十对（同性相克力重）
18专项,H14,乙丑 己丑 壬子 辛丑,六合,year+day,土、水|化土,2,0,1,年柱丑,日柱子,js/bazi.js:2416 ZHI_HE（午未合土）
18专项,H14,乙丑 己丑 壬子 辛丑,天干克,year+hour,金克木,3,0,0,时柱辛,年柱乙,经典十对（同性相克力重）
18专项,H14,乙丑 己丑 壬子 辛丑,六合,month+day,土、水|化土,1,1,1,月柱丑,日柱子,js/bazi.js:2416 ZHI_HE（午未合土）
18专项,H14,乙丑 己丑 壬子 辛丑,六合,day+hour,水、土|化土,1,0,1,日柱子,时柱丑,js/bazi.js:2416 ZHI_HE（午未合土）
18专项,H14,乙丑 己丑 壬子 辛丑,半会,day+year,子丑|会水,2,0,1,日柱子,年柱丑,js/bazi.js:2536 半会=方局相邻两字
18专项,H15,甲寅 庚午 庚辰 乙酉,天干克,year+month,金克木,1,1,0,月柱庚,年柱甲,经典十对（同性相克力重）
18专项,H15,甲寅 庚午 庚辰 乙酉,天干克,year+day,金克木,2,0,1,日柱庚,年柱甲,经典十对（同性相克力重）
18专项,H15,甲寅 庚午 庚辰 乙酉,天干五合,month+hour,金、木|化金,2,1,0,月柱庚,时柱乙,js/bazi.js:2382 GAN_HE
18专项,H15,甲寅 庚午 庚辰 乙酉,天干五合,day+hour,金、木|化金,1,0,1,日柱庚,时柱乙,js/bazi.js:2382 GAN_HE
18专项,H15,甲寅 庚午 庚辰 乙酉,六合,day+hour,土、金|化金,1,0,1,日柱辰,时柱酉,js/bazi.js:2416 ZHI_HE（午未合土）
18专项,H15,甲寅 庚午 庚辰 乙酉,半合,month+year,午寅|合火,1,1,0,月柱午,年柱寅,js/bazi.js:2472 半合须含中神午；生墓两支只称拱局不记
18专项,H16,丙辰 庚子 癸巳 庚申,天干克,year+month,火克金,1,1,0,年柱丙,月柱庚,经典十对（同性相克力重）
18专项,H16,丙辰 庚子 癸巳 庚申,天干克,year+hour,火克金,3,0,0,年柱丙,时柱庚,经典十对（同性相克力重）
18专项,H16,丙辰 庚子 癸巳 庚申,刑,day+hour,火、金,1,0,1,日柱巳,时柱申,js/bazi.js:2412 XING
18专项,H16,丙辰 庚子 癸巳 庚申,六合,day+hour,火、金|化水,1,0,1,日柱巳,时柱申,js/bazi.js:2416 ZHI_HE（午未合土）
18专项,H16,丙辰 庚子 癸巳 庚申,三合局,hour+month+year,申子辰|合水,3,1,0,时柱申,年柱辰,js/bazi.js:2421 SAN_HE（三字俱全）
18专项,H17,甲子 丙子 癸亥 甲寅,六合,day+hour,水、木|化木,1,0,1,日柱亥,时柱寅,js/bazi.js:2416 ZHI_HE（午未合土）
18专项,H17,甲子 丙子 癸亥 甲寅,半会,day+year,亥子|会水,2,0,1,日柱亥,年柱子,js/bazi.js:2536 半会=方局相邻两字
18专项,H18,癸卯 己未 甲午 壬申,天干克,year+month,土克水,1,1,0,月柱己,年柱癸,经典十对（同性相克力重）
18专项,H18,癸卯 己未 甲午 壬申,天干五合,month+day,土、木|化土,1,1,1,月柱己,日柱甲,js/bazi.js:2382 GAN_HE
18专项,H18,癸卯 己未 甲午 壬申,六合,month+day,土、火|化土,1,1,1,月柱未,日柱午,js/bazi.js:2416 ZHI_HE（午未合土）
18专项,H18,癸卯 己未 甲午 壬申,半合,year+month,卯未|合木,1,1,0,年柱卯,月柱未,js/bazi.js:2472 半合须含中神卯；生墓两支只称拱局不记
18专项,H18,癸卯 己未 甲午 壬申,半会,day+month,午未|会火,1,1,1,日柱午,月柱未,js/bazi.js:2536 半会=方局相邻两字
附加观察,P15-19,己亥 丙子 辛酉 戊子,天干五合,month+day,火、金|化水,1,1,1,月柱丙,日柱辛,js/bazi.js:2382 GAN_HE
附加观察,P15-19,己亥 丙子 辛酉 戊子,半会,year+month,亥子|会水,1,1,0,年柱亥,月柱子,js/bazi.js:2536 半会=方局相邻两字
附加观察,P15-20,壬午 癸卯 戊寅 乙卯,天干克,year+day,土克水,2,0,1,日柱戊,年柱壬,经典十对（同性相克力重）
附加观察,P15-20,壬午 癸卯 戊寅 乙卯,天干五合,month+day,水、土|化火,1,1,1,月柱癸,日柱戊,js/bazi.js:2382 GAN_HE
附加观察,P15-20,壬午 癸卯 戊寅 乙卯,半合,year+day,午寅|合火,2,0,1,年柱午,日柱寅,js/bazi.js:2472 半合须含中神午；生墓两支只称拱局不记
附加观察,P15-20,壬午 癸卯 戊寅 乙卯,半会,day+month,寅卯|会木,1,1,1,日柱寅,月柱卯,js/bazi.js:2536 半会=方局相邻两字
合成观察,SY1,壬子 壬子 戊午 戊午,天干克,year+day,土克水,2,0,1,日柱戊,年柱壬,经典十对（同性相克力重）
合成观察,SY1,壬子 壬子 戊午 戊午,六冲,year+day,水、火,2,0,1,年柱子,日柱午,js/bazi.js:2406 CHONG
合成观察,SY1,壬子 壬子 戊午 戊午,天干克,year+hour,土克水,3,0,0,时柱戊,年柱壬,经典十对（同性相克力重）
合成观察,SY1,壬子 壬子 戊午 戊午,六冲,year+hour,水、火,3,0,0,年柱子,时柱午,js/bazi.js:2406 CHONG
合成观察,SY1,壬子 壬子 戊午 戊午,天干克,month+day,土克水,1,1,1,日柱戊,月柱壬,经典十对（同性相克力重）
合成观察,SY1,壬子 壬子 戊午 戊午,六冲,month+day,水、火,1,1,1,月柱子,日柱午,js/bazi.js:2406 CHONG
合成观察,SY1,壬子 壬子 戊午 戊午,天干克,month+hour,土克水,2,1,0,时柱戊,月柱壬,经典十对（同性相克力重）
合成观察,SY1,壬子 壬子 戊午 戊午,六冲,month+hour,水、火,2,1,0,月柱子,时柱午,js/bazi.js:2406 CHONG
合成观察,SY2,壬子 壬子 戊戌 丁巳,天干克,year+day,土克水,2,0,1,日柱戊,年柱壬,经典十对（同性相克力重）
合成观察,SY2,壬子 壬子 戊戌 丁巳,天干五合,year+hour,水、火|化木,3,0,0,年柱壬,时柱丁,js/bazi.js:2382 GAN_HE
合成观察,SY2,壬子 壬子 戊戌 丁巳,天干克,month+day,土克水,1,1,1,日柱戊,月柱壬,经典十对（同性相克力重）
合成观察,SY2,壬子 壬子 戊戌 丁巳,天干五合,month+hour,水、火|化木,2,1,0,月柱壬,时柱丁,js/bazi.js:2382 GAN_HE
合成观察,SY3,甲子 壬申 乙卯 丁亥,刑,year+day,水、木,2,0,1,年柱子,日柱卯,js/bazi.js:2412 XING
合成观察,SY3,甲子 壬申 乙卯 丁亥,天干五合,month+hour,水、火|化木,2,1,0,月柱壬,时柱丁,js/bazi.js:2382 GAN_HE
合成观察,SY3,甲子 壬申 乙卯 丁亥,六害,month+hour,金、水,2,1,0,月柱申,时柱亥,js/bazi.js:2409 HAI
合成观察,SY3,甲子 壬申 乙卯 丁亥,半合,day+hour,卯亥|合木,1,0,1,日柱卯,时柱亥,js/bazi.js:2472 半合须含中神卯；生墓两支只称拱局不记
合成观察,SY3,甲子 壬申 乙卯 丁亥,半合,year+month,子申|合水,1,1,0,年柱子,月柱申,js/bazi.js:2472 半合须含中神子；生墓两支只称拱局不记
合成观察,SY3,甲子 壬申 乙卯 丁亥,半会,hour+year,亥子|会水,3,0,0,时柱亥,年柱子,js/bazi.js:2536 半会=方局相邻两字
合成观察,SY4,壬寅 戊申 乙卯 壬午,天干克,year+month,土克水,1,1,0,月柱戊,年柱壬,经典十对（同性相克力重）
合成观察,SY4,壬寅 戊申 乙卯 壬午,六冲,year+month,木、金,1,1,0,年柱寅,月柱申,js/bazi.js:2406 CHONG
合成观察,SY4,壬寅 戊申 乙卯 壬午,刑,year+month,木、金,1,1,0,年柱寅,月柱申,js/bazi.js:2412 XING
合成观察,SY4,壬寅 戊申 乙卯 壬午,天干克,month+hour,土克水,2,1,0,月柱戊,时柱壬,经典十对（同性相克力重）
合成观察,SY4,壬寅 戊申 乙卯 壬午,半合,hour+year,午寅|合火,3,0,0,时柱午,年柱寅,js/bazi.js:2472 半合须含中神午；生墓两支只称拱局不记
合成观察,SY4,壬寅 戊申 乙卯 壬午,半会,year+day,寅卯|会木,2,0,1,年柱寅,日柱卯,js/bazi.js:2536 半会=方局相邻两字
测试盘,wetearth,庚申 己丑 癸卯 丁巳,刑,year+hour,金、火,3,0,0,年柱申,时柱巳,js/bazi.js:2412 XING
测试盘,wetearth,庚申 己丑 癸卯 丁巳,六合,year+hour,金、火|化水,3,0,0,年柱申,时柱巳,js/bazi.js:2416 ZHI_HE（午未合土）
测试盘,wetearth,庚申 己丑 癸卯 丁巳,天干克,month+day,土克水,1,1,1,月柱己,日柱癸,经典十对（同性相克力重）
测试盘,wetearth,庚申 己丑 癸卯 丁巳,天干克,day+hour,水克火,1,0,1,日柱癸,时柱丁,经典十对（同性相克力重）